trajectories; cluster_id;trajectory_id;
39.906040;116.471527;39.903671;116.471481;39.898140;116.471390;39.885311;116.471184;39.881012;116.454788;39.880432;116.441544;39.877472;116.444717;39.869728;116.444710;39.860920;116.446617;39.874809;116.343224;39.897121;116.348846;39.898849;116.350677;39.910950;116.346542;39.911030;116.346542;39.911861;116.346748;39.912540;116.347900;39.912579;116.348457;39.912579;116.348450;39.912579;116.349213;39.914680;116.350540;39.923340;116.350060;39.949959;116.375549;0;1;
39.909580;116.465599;39.947781;116.466331;39.952950;116.462021;39.956909;116.461357;39.943661;116.462639;39.949692;116.461380;39.941601;116.468231;39.932301;116.460907;39.927479;116.458321;39.927471;116.458252;39.927441;116.458054;0;178;
39.909260;116.465714;39.913830;116.444962;39.914471;116.444473;39.914509;116.444473;39.914421;116.444641;39.915138;116.444450;39.921410;116.455757;39.975151;116.457657;39.975128;116.457603;0;209;
39.910042;116.465698;39.910091;116.465721;39.910141;116.465721;39.910461;116.465431;39.912159;116.463478;39.912262;116.466660;39.911720;116.469994;39.908981;116.467232;39.908981;116.467308;39.908970;116.467346;39.907249;116.459030;39.907299;116.456642;39.901970;116.455223;39.896202;116.455627;39.898251;116.456757;39.898201;116.456230;0;120;
39.905910;116.471481;39.905792;116.469078;39.905781;116.469070;39.906139;116.468048;39.906212;116.468048;39.906471;116.468063;39.906559;116.468071;39.907158;116.467628;39.907272;116.465172;39.910492;116.456017;39.910519;116.455963;39.911190;116.455994;39.911591;116.456070;39.912281;116.467506;39.908600;116.465408;39.909100;116.465622;39.909012;116.465500;39.909058;116.465607;39.909058;116.465584;39.907478;116.456650;39.907459;116.456329;39.902328;116.439819;39.899521;116.436440;39.893661;116.425377;39.893520;116.422867;0;56;
39.908939;116.465500;39.950260;116.465439;39.943199;116.463173;39.942581;116.458908;39.949619;116.460968;39.940159;116.468330;39.932991;116.466499;39.926430;116.466911;39.913139;116.463593;39.909359;116.463287;39.908581;116.465561;39.909199;116.466003;39.907589;116.460953;39.905312;116.454918;39.905838;116.439842;39.905861;116.439857;39.905861;116.439873;39.906960;116.442108;39.906952;116.442993;39.906811;116.450989;39.906891;116.445702;39.907219;116.445137;39.915340;116.447144;39.915398;116.447128;39.915211;116.447250;0;27;
39.906990;116.458412;39.907982;116.523270;39.898899;116.523300;39.892448;116.520866;39.884651;116.521523;39.884781;116.520050;39.884781;116.520813;39.884781;116.520798;39.884781;116.520729;39.884789;116.520721;39.886932;116.521469;39.891289;116.521103;39.892052;116.510788;39.891922;116.471588;39.883450;116.471100;39.878120;116.465530;39.878181;116.461548;39.879021;116.461632;39.881828;116.461617;39.881958;116.461601;39.884598;116.450920;39.884621;116.451180;39.884411;116.452362;39.884422;116.452377;39.884430;116.452339;39.880150;116.449829;39.882828;116.450089;39.883251;116.448914;39.883251;116.448639;39.883118;116.433510;39.886410;116.424896;39.903442;116.418953;39.903450;116.418930;0;72;
39.903381;116.457588;39.903431;116.455841;39.904331;116.456383;39.905121;116.456207;39.905548;116.458076;39.907330;116.451828;39.908119;116.451889;39.908100;116.451874;39.908329;116.451927;39.912479;116.461449;39.910351;116.469139;39.910351;116.468437;39.910351;116.468109;39.911308;116.463600;39.912201;116.460693;39.912300;116.458153;39.916138;116.440437;39.921421;116.435349;39.921459;116.435349;39.920200;116.434647;39.918461;116.434776;39.916740;116.434753;39.921299;116.434410;39.969948;116.395920;39.972481;116.395943;0;161;
39.903690;116.451988;39.905010;116.454697;39.884609;116.455063;39.860981;116.447678;39.842598;116.469193;39.842541;116.464020;39.842640;116.467789;39.841301;116.470337;39.837822;116.466972;39.838188;116.465042;39.861889;116.454742;39.869610;116.461761;39.874802;116.439247;39.891449;116.439034;39.895912;116.433037;39.895988;116.421837;39.898819;116.412552;0;141;
39.899361;116.458809;39.857132;116.438927;39.835461;116.448769;39.832802;116.452980;39.830902;116.447601;39.824589;116.448532;39.800770;116.473297;39.799160;116.491760;39.797958;116.498352;39.797779;116.498489;39.793282;116.512123;39.762821;116.537338;39.764191;116.543823;39.764122;116.543793;39.755928;116.550491;39.755981;116.550461;39.755939;116.550453;39.675560;116.606598;39.633621;116.645172;39.611729;116.686607;39.611328;116.685997;39.611149;116.685982;39.627609;116.696381;39.627342;116.696121;39.627331;116.696182;0;198;
39.899361;116.459084;39.781170;116.490967;39.781269;116.491173;39.789818;116.500130;39.790600;116.501740;39.794022;116.508774;39.784821;116.518921;39.770531;116.529869;0;166;
39.905098;116.456108;39.906799;116.484009;39.938511;116.483841;39.963272;116.473747;30.059561;116.583687;30.079300;116.581490;30.078890;116.580917;30.076530;116.580490;30.072001;116.580963;30.065849;116.581978;30.061300;116.582870;30.061291;116.582870;30.061310;116.582893;30.061279;116.582863;30.062269;116.582649;30.062290;116.582573;30.067169;116.581932;30.068760;116.581650;30.068790;116.581673;30.068890;116.581680;30.068859;116.581596;30.073130;116.580856;30.073360;116.580841;30.075750;116.580452;30.075769;116.580406;30.075689;116.580482;0;175;
39.899639;116.455742;39.903831;116.455887;39.906849;116.460693;39.906219;116.471581;39.905602;116.468971;39.906639;116.468239;39.906811;116.469070;39.907082;116.456497;39.907211;116.437050;39.907040;116.414574;39.906502;116.397072;39.906021;116.380692;39.905949;116.347870;39.906231;116.313599;39.906361;116.293259;39.906349;116.284973;39.906441;116.284912;0;119;
39.900349;116.455109;39.892879;116.454918;39.884682;116.455009;39.884541;116.455009;39.884399;116.455002;39.877419;116.454948;39.801319;116.505249;39.801010;116.504723;39.801178;116.505859;39.795998;116.510010;39.789841;116.514992;39.785408;116.518593;39.772610;116.528008;39.754860;116.550621;39.717361;116.568863;39.700069;116.584641;39.681961;116.595230;39.663849;116.613449;39.656780;116.634460;39.656189;116.666428;39.635262;116.688400;39.626949;116.696152;39.626938;116.696167;39.626961;116.696213;39.626938;116.696167;0;37;
39.902908;116.454460;39.903400;116.454041;39.904079;116.454193;39.904110;116.454178;39.905190;116.454750;39.901550;116.455223;39.900871;116.455238;39.877491;116.454758;39.875008;116.453270;39.874962;116.452438;39.879150;116.450127;39.880882;116.450249;39.881119;116.450089;39.881100;116.450081;39.882629;116.454758;39.881260;116.454849;39.881161;116.454849;39.881058;116.454849;39.860069;116.446648;39.852970;116.432579;0;9;
39.895859;116.461197;39.895950;116.457359;39.913872;116.455833;39.930740;116.454742;39.932182;116.451332;39.932152;116.451340;39.932098;116.451340;39.931831;116.450996;39.931870;116.450974;39.932240;116.450500;39.932270;116.454300;39.928619;116.455147;39.923988;116.448929;39.919708;116.454277;39.919659;116.454224;39.927132;116.449478;39.927120;116.449364;39.927120;116.449303;39.922581;116.449051;39.921471;116.454262;39.920589;116.454903;39.908798;116.454948;39.905319;116.453728;39.904449;116.454597;39.897961;116.442703;39.897949;116.442711;39.897709;116.448593;39.899311;116.456192;39.899368;116.459221;39.899399;116.459221;39.906830;116.490677;39.908218;116.529678;39.907990;116.549744;39.908798;116.567703;0;23;
39.895931;116.448090;39.891460;116.378532;39.898468;116.378632;39.887802;116.368347;39.877499;116.368103;39.869579;116.368027;39.862671;116.372330;39.862228;116.371941;39.864059;116.368439;39.863239;116.369278;0;45;
39.937012;116.319511;39.970398;116.313087;39.975250;116.327240;39.990608;116.328369;39.989849;116.330704;39.991440;116.330963;39.991520;116.334229;39.989460;116.346771;39.975090;116.349152;39.975170;116.359390;39.967159;116.363937;39.966351;116.367287;39.967030;116.394501;39.951790;116.419121;39.948071;116.424637;39.939610;116.432732;39.919312;116.434631;39.913551;116.434891;39.912090;116.434921;39.912041;116.434921;39.908291;116.444008;39.906189;116.471550;1;2;
39.928879;116.325272;39.922752;116.328300;39.922142;116.345383;39.921669;116.353798;39.929268;116.349777;39.951160;116.373230;39.971298;116.377693;39.968330;116.385017;39.968231;116.385071;1;173;
39.927959;116.319839;39.928841;116.327751;39.928150;116.327789;39.926338;116.328003;39.912640;116.335060;39.912598;116.336098;39.912670;116.336113;39.912670;116.336121;39.912651;116.336121;39.912651;116.337387;39.912598;116.338516;39.912640;116.341568;39.912640;116.341690;1;135;
39.923290;116.328201;39.921822;116.327591;39.927071;116.319511;39.923840;116.328201;39.907532;116.338058;39.907421;116.338028;39.901829;116.336510;39.897739;116.351440;39.892052;116.368179;39.884861;116.381943;39.888451;116.385193;39.888439;116.385040;39.888981;116.388771;39.875240;116.391510;39.871201;116.389877;39.871208;116.389893;39.871010;116.387733;39.870869;116.383263;39.870510;116.379066;39.869320;116.372269;39.869011;116.368073;39.857220;116.428421;1;149;
39.916168;116.406609;39.916168;116.406631;39.916851;116.404892;39.922218;116.404579;39.922829;116.413078;39.917179;116.420242;39.907681;116.420761;39.903400;116.421562;39.903400;116.421547;39.903591;116.425652;39.889999;116.438080;39.883129;116.448334;39.882961;116.454811;39.882931;116.471733;39.881611;116.486320;39.874851;116.496971;39.862968;116.507797;39.856030;116.515457;39.845688;116.521179;39.836590;116.524391;39.838028;116.521072;39.834011;116.518547;39.834328;116.521500;39.843292;116.529922;39.843899;116.529991;2;5;
39.908710;116.411720;39.908028;116.411491;39.907928;116.411530;39.907879;116.411537;39.906830;116.405769;39.906849;116.405777;39.909058;116.405281;39.914001;116.407730;39.917881;116.404778;39.923042;116.422012;39.922920;116.422050;39.922909;116.422050;39.923012;116.427467;39.922958;116.427597;39.922901;116.427711;39.923050;116.428917;39.953869;116.426201;39.957840;116.425636;39.957890;116.425629;39.955681;116.428337;39.953979;116.428169;39.945259;116.438698;39.945892;116.437462;39.945999;116.437286;39.946049;116.437210;39.956150;116.448059;39.969990;116.465279;39.982609;116.451073;39.986610;116.459190;39.991119;116.463791;39.995422;116.461967;30.006821;116.461533;30.010090;116.461182;30.011620;116.456596;30.011629;116.456596;30.011641;116.456596;30.011580;116.456543;30.010180;116.456787;30.007990;116.461182;30.004311;116.461311;39.999542;116.454407;39.995640;116.446571;39.992321;116.418404;2;205;
39.907921;116.411659;39.909332;116.407440;39.910721;116.407654;39.910698;116.407639;39.910690;116.407631;39.912510;116.407768;39.913670;116.410263;39.914032;116.418114;39.923100;116.432098;39.922260;116.434433;39.922031;116.434319;39.922188;116.434250;39.922722;116.433441;39.922531;116.434341;39.922470;116.434181;2;140;
39.922371;116.404678;39.939651;116.423088;39.939709;116.423958;39.939770;116.426331;39.939651;116.422821;39.939671;116.419739;39.939640;116.416420;39.939640;116.416344;39.939640;116.415649;39.939640;116.415108;39.939590;116.411392;39.941109;116.410469;39.941730;116.410461;39.947781;116.413910;39.947800;116.413933;39.947731;116.400146;39.942352;116.387688;39.940571;116.387749;39.939800;116.387787;39.939140;116.388733;39.938431;116.389664;39.938438;116.389664;39.938072;116.389687;39.937389;116.389748;2;187;
39.904541;116.405258;39.907539;116.405220;39.907650;116.405220;39.907749;116.405220;39.913509;116.411530;39.913940;116.417580;39.912930;116.420464;39.910400;116.420593;39.907711;116.420578;39.907700;116.420609;39.903419;116.420532;39.903450;116.421600;39.903481;116.421677;39.880272;116.439507;39.869972;116.383667;39.866859;116.328972;39.866550;116.312370;39.864361;116.279343;39.866600;116.266403;39.866608;116.266411;39.866650;116.266441;39.866661;116.266449;39.867119;116.270157;39.867149;116.274139;39.862930;116.277023;39.866768;116.288437;39.877899;116.291077;2;202;
39.906891;116.414909;39.906441;116.393822;39.906120;116.384888;39.905891;116.362648;39.911419;116.338959;39.913231;116.339104;39.914349;116.338989;39.914490;116.339020;39.915859;116.338829;39.920242;116.338547;39.921082;116.338631;39.921391;116.338409;39.921768;116.327667;39.930569;116.319717;39.931179;116.314270;39.936810;116.313728;39.937279;116.318192;39.933289;116.319656;39.931080;116.322197;39.930889;116.324142;39.930969;116.327080;39.927471;116.327782;39.922668;116.328362;39.915062;116.328400;39.910439;116.328369;39.905769;116.330078;39.905739;116.331810;39.899891;116.350349;39.897739;116.354553;39.887829;116.373734;39.891460;116.405800;39.888092;116.424400;39.882710;116.430573;39.882801;116.431458;39.882801;116.431488;39.882801;116.431511;39.882950;116.433868;39.882980;116.434181;39.882969;116.434097;2;180;
39.906570;116.418198;39.906921;116.423843;39.907059;116.425430;39.907059;116.425858;39.902180;116.440086;39.895828;116.464928;39.895798;116.464882;39.895790;116.464867;39.895790;116.464859;39.895771;116.464813;39.895851;116.465988;39.893288;116.466568;39.894970;116.466583;39.895958;116.456573;39.906429;116.455948;39.916229;116.455589;39.932240;116.460732;39.939091;116.467949;39.939812;116.466476;2;152;
39.904781;116.410393;39.904808;116.411537;39.904808;116.411621;39.904800;116.411774;39.901062;116.412086;39.901138;116.412102;39.897480;116.435852;39.871620;116.437912;39.871811;116.438301;39.871819;116.438316;39.873772;116.438812;39.874950;116.442841;39.874969;116.442688;39.874939;116.443100;39.878052;116.444717;2;144;
39.903389;116.419006;39.905838;116.421051;39.906971;116.427261;39.907028;116.430092;39.905090;116.432732;39.905022;116.432579;39.904919;116.432571;39.905708;116.436073;39.907200;116.439903;39.931839;116.536713;39.939999;116.559082;39.964619;116.577293;30.039551;116.609993;30.053810;116.608681;30.053801;116.608704;30.053579;116.608757;30.053551;116.608711;30.049351;116.606529;30.045469;116.606911;30.043171;116.606407;30.049780;116.608841;30.040449;116.522614;30.057390;116.480820;30.020870;116.422997;30.023050;116.416130;2;71;
39.927410;116.411018;39.932079;116.425240;39.932228;116.426323;39.931690;116.427368;39.928699;116.427971;39.918930;116.428520;39.918789;116.428528;39.907089;116.444893;39.906830;116.480637;39.878490;116.483688;39.868919;116.508102;39.857460;116.512703;39.845032;116.499962;39.840790;116.490341;39.841698;116.484230;39.845390;116.480507;39.846542;116.479370;39.846542;116.479362;39.853729;116.480263;39.884819;116.483650;39.891769;116.502213;39.895721;116.520599;39.901539;116.523331;39.901550;116.523361;39.902489;116.523331;39.902569;116.523331;39.902660;116.523323;39.902748;116.523300;39.903351;116.523232;39.906891;116.523666;39.908051;116.523682;39.906841;116.514122;39.906990;116.471649;39.899788;116.455383;39.880638;116.454872;39.874878;116.453506;39.874870;116.453506;39.874901;116.453529;39.874931;116.450699;39.870422;116.444588;39.870319;116.444618;2;61;
39.626919;116.696136;39.627209;116.696190;39.627239;116.696190;39.627281;116.696198;39.627251;116.696167;39.627342;116.696198;39.627300;116.696228;39.627319;116.696228;39.627312;116.696220;39.627319;116.696228;39.627319;116.696220;39.627319;116.696243;39.627289;116.696213;39.689468;116.575241;39.725079;116.565598;3;7;
39.627369;116.698067;39.627350;116.698097;39.627052;116.696632;39.626949;116.696182;39.626709;116.696053;3;183;
39.627331;116.696182;39.628548;116.697868;39.627010;116.697830;39.611469;116.686287;39.611549;116.686127;39.612068;116.686127;39.632782;116.688080;39.652832;116.679314;39.658260;116.657143;39.653679;116.583488;39.680031;116.573196;39.710201;116.571892;39.752159;116.539909;39.762901;116.537361;39.790802;116.514374;39.801540;116.496819;39.799492;116.491859;39.799450;116.491882;39.796371;116.494431;39.794151;116.500511;39.794201;116.500488;39.793011;116.496613;39.793022;116.496277;39.794548;116.487030;39.795052;116.483742;39.796581;116.479347;39.796589;116.479340;39.803612;116.470917;39.807350;116.466240;39.822269;116.449112;39.843460;116.440727;3;197;
39.627350;116.696182;39.579422;116.700951;39.584370;116.737663;39.584370;116.738182;39.584301;116.738167;39.604900;116.707870;39.611420;116.693893;39.626350;116.695442;39.627258;116.696259;39.627289;116.696281;3;81;
39.627319;116.696243;39.627312;116.696220;39.627258;116.696190;39.627239;116.696213;39.627258;116.696198;39.627319;116.696243;39.611359;116.685928;39.641529;116.632980;39.652149;116.596428;39.672188;116.573158;39.705688;116.573700;39.736969;116.540848;39.782570;116.521049;39.793850;116.506332;3;212;
39.627289;116.696220;39.627171;116.696198;39.627182;116.696251;39.627220;116.696228;39.627182;116.696213;39.627388;116.696259;39.625599;116.696198;39.611542;116.686111;39.611389;116.686081;39.643990;116.624557;39.653759;116.583748;39.682541;116.573463;39.719181;116.568123;39.736969;116.546867;39.736969;116.542862;39.736969;116.542648;39.736969;116.542213;39.781040;116.522263;39.797852;116.508598;39.810020;116.495239;39.819092;116.498161;39.846230;116.478310;39.882828;116.483681;39.917530;116.483910;39.932430;116.472923;39.929249;116.465317;39.929268;116.465302;39.929249;116.465263;39.929192;116.465088;39.927769;116.460793;39.925842;116.460854;39.925751;116.460861;39.925552;116.460869;39.924751;116.460938;39.922100;116.447533;39.920269;116.428169;39.920181;116.428169;39.919460;116.428223;39.917770;116.428322;39.914192;116.425392;39.910671;116.426842;39.911060;116.426964;39.909740;116.424652;39.909668;116.424660;39.909580;116.424660;3;181;
39.627289;116.696220;39.625000;116.694778;39.625000;116.694794;39.622948;116.693253;39.625431;116.694893;39.625420;116.694901;3;113;
39.627281;116.696198;39.721111;116.428123;39.721661;116.459099;39.700722;116.479584;39.679920;116.497307;39.672112;116.524200;39.651871;116.598167;39.654781;116.659691;39.641159;116.685921;39.638092;116.687202;39.638130;116.687019;3;104;
39.627289;116.696281;39.656738;116.668678;3;80;
39.627331;116.696259;39.626980;116.696182;39.626919;116.696159;39.626961;116.696159;39.624718;116.695549;39.624500;116.695633;39.624420;116.695663;39.624439;116.695641;3;50;
39.627129;116.698952;39.627388;116.697113;39.627270;116.696152;39.627399;116.696259;39.627380;116.696198;39.627388;116.696198;39.627369;116.696083;39.627369;116.696098;39.628521;116.696251;39.627388;116.696007;39.627350;116.695976;39.624649;116.690468;3;109;
39.627251;116.696228;39.623341;116.694260;39.623501;116.694191;39.624229;116.695213;39.642731;116.690811;39.645309;116.617119;39.652081;116.575218;39.671139;116.500900;39.718689;116.463379;39.725391;116.456360;39.721489;116.422951;39.719990;116.386276;39.720661;116.354210;39.723850;116.339859;39.740341;116.331528;39.740402;116.331573;39.740410;116.331642;39.740440;116.331619;3;106;
39.626919;116.696213;39.627258;116.696159;39.627331;116.696220;39.627270;116.696243;39.627209;116.696022;39.627270;116.696159;39.627312;116.696182;39.627289;116.696220;39.627209;116.696182;39.627228;116.696190;39.627140;116.696182;39.627342;116.696121;39.627201;116.695976;3;146;
39.626919;116.696198;39.627472;116.697418;39.627312;116.696198;39.627342;116.696182;39.627350;116.696159;39.627342;116.696182;39.627399;116.696167;39.627350;116.696152;39.627281;116.696198;39.627319;116.696213;39.623600;116.687233;39.636379;116.686218;3;86;
39.626961;116.696190;39.627720;116.696663;39.627281;116.696182;39.627251;116.696213;39.627281;116.696198;39.627300;116.696243;39.627380;116.696198;39.627270;116.696220;39.622669;116.669487;39.642960;116.629051;39.678001;116.576141;39.707832;116.572929;39.735790;116.563339;39.741711;116.539398;39.762642;116.537621;39.792400;116.513069;39.798180;116.499039;39.797432;116.487267;39.818890;116.453178;39.830059;116.441544;39.852749;116.433739;39.852768;116.433411;39.865860;116.432793;39.885769;116.434273;39.886860;116.434090;39.887379;116.434029;39.887482;116.434021;39.880020;116.433380;39.879990;116.433258;39.879692;116.433281;3;64;
39.627228;116.696083;39.626850;116.696159;39.626820;116.696136;39.627010;116.696182;39.626968;116.696198;39.625038;116.695229;39.615181;116.690239;39.611542;116.686363;39.656170;116.668152;39.658741;116.643822;39.652691;116.613411;39.654732;116.576660;39.682590;116.573540;39.711460;116.571381;39.737289;116.559669;39.747528;116.539658;39.761520;116.540459;39.761509;116.540428;39.761528;116.540421;39.769661;116.533638;39.782349;116.519363;39.791161;116.508553;39.798981;116.491318;39.796638;116.479309;39.796638;116.479332;39.796619;116.479309;39.822250;116.448776;39.830078;116.441437;3;164;
39.626991;116.696136;39.627319;116.696159;39.627331;116.696213;39.627300;116.696228;39.627312;116.696182;39.627270;116.696220;39.627289;116.696198;39.627289;116.696220;39.627289;116.696213;3;213;
39.627029;116.696053;39.608582;116.686501;39.608040;116.686668;39.617809;116.692261;39.625641;116.692673;3;111;
39.626938;116.696167;39.627472;116.696274;39.627300;116.696243;39.627342;116.696228;39.627419;116.696327;39.627220;116.696281;39.627140;116.696220;39.627228;116.696213;39.627270;116.696220;39.627239;116.696220;39.627350;116.696289;39.627331;116.696274;39.612560;116.687782;39.612400;116.687820;39.626740;116.662361;39.644218;116.623749;39.654419;116.578957;39.686501;116.574860;39.722019;116.566849;39.736961;116.540192;39.749950;116.539848;39.769100;116.518089;39.775150;116.504494;3;36;
39.627270;116.696213;39.631680;116.687927;39.611252;116.686020;39.611351;116.686287;39.611488;116.686211;39.635761;116.688187;39.655708;116.664063;39.652168;116.595993;39.671570;116.573143;39.702419;116.574471;3;20;
39.625420;116.694901;39.612751;116.690140;39.612690;116.690163;39.625919;116.695992;39.626938;116.695999;39.627029;116.696053;3;112;
39.625641;116.692673;39.651009;116.616722;39.652618;116.615929;39.627140;116.698921;39.627140;116.698936;39.627129;116.698952;3;110;
39.626709;116.696053;39.627331;116.696243;39.627289;116.696220;39.627281;116.696213;39.627312;116.696243;39.627300;116.696220;39.627312;116.696243;39.627281;116.696213;39.627350;116.696297;39.627380;116.696350;39.627331;116.696297;3;182;
39.626030;116.697304;39.617180;116.690620;39.611561;116.686157;39.612339;116.686218;39.611370;116.686028;39.652500;116.611763;39.655399;116.575577;39.682640;116.573517;39.712849;116.570808;39.737389;116.561272;39.739288;116.539337;39.759319;116.540169;39.770039;116.530571;39.782230;116.521339;39.785511;116.509087;39.795532;116.500931;39.799160;116.491791;39.796829;116.479591;39.796608;116.479149;39.799728;116.479591;39.799690;116.479584;39.799591;116.479637;39.798580;116.480492;39.794762;116.482689;39.794769;116.482697;39.794781;116.482697;39.794659;116.482468;39.793388;116.479889;39.792870;116.478767;39.792320;116.475052;39.793530;116.474289;39.795280;116.473282;39.795300;116.473259;39.795372;116.473221;39.799042;116.472740;39.807369;116.466270;3;126;
39.624439;116.695641;39.611931;116.688744;39.613701;116.691833;39.614819;116.690826;39.614830;116.690842;39.624439;116.695663;39.655350;116.675171;39.655510;116.619270;39.659798;116.618172;39.659809;116.618187;39.659771;116.618233;3;49;
39.846329;116.426933;39.846230;116.425949;39.846260;116.425957;39.846291;116.427277;39.848251;116.427048;39.848228;116.424438;39.848339;116.422890;39.844860;116.422371;39.844830;116.422363;39.830631;116.437782;39.807789;116.465736;39.795860;116.478287;39.795868;116.478302;39.796410;116.479462;39.799690;116.479736;39.797729;116.487061;39.798199;116.498466;39.783821;116.519928;39.763649;116.536407;39.755989;116.550613;39.735241;116.563362;39.711449;116.571358;39.693451;116.584839;39.674301;116.602402;39.665859;116.624336;39.659882;116.649513;39.657082;116.670914;39.626949;116.696136;39.626968;116.696190;39.626919;116.696136;4;8;
39.851982;116.430313;39.851952;116.430290;39.851860;116.429893;39.851631;116.427727;39.848228;116.424767;39.848209;116.424980;39.848171;116.425293;39.844810;116.431648;39.844830;116.431664;39.854828;116.432716;39.862759;116.450127;39.885658;116.455177;39.890049;116.455490;39.890049;116.455498;39.890350;116.455582;39.891739;116.455589;39.891979;116.459709;39.891979;116.460152;39.895641;116.466499;39.895630;116.466507;39.895649;116.466522;39.896019;116.455681;39.902630;116.455528;39.952492;116.419006;39.955948;116.418854;39.955948;116.414330;39.955940;116.417503;39.955959;116.418381;39.955971;116.418388;39.955990;116.418770;39.964741;116.418701;39.967251;116.418617;39.971458;116.424362;39.971481;116.424187;39.971481;116.422539;39.971359;116.419212;39.968132;116.416069;39.968121;116.415939;39.968079;116.413818;39.960518;116.412033;39.961800;116.396278;39.962898;116.392647;4;221;
39.848740;116.432571;39.848740;116.432533;39.849960;116.432961;39.849968;116.432983;39.855049;116.432671;39.855061;116.432671;39.855061;116.432632;39.855949;116.432587;39.860500;116.432350;39.869511;116.433456;39.869930;116.382362;39.868912;116.367722;39.865509;116.367912;39.863998;116.364143;39.863991;116.364128;39.863998;116.364151;39.864021;116.364166;4;34;
39.845352;116.422607;39.844479;116.422112;39.844299;116.422096;39.836349;116.426003;39.830589;116.440498;39.817551;116.454712;39.807602;116.465897;39.790169;116.480568;39.766441;116.521400;39.756229;116.540031;39.752270;116.542160;39.752281;116.542168;39.752968;116.542381;39.755501;116.544579;39.757042;116.550171;39.744900;116.561470;39.724171;116.566002;39.699951;116.575089;39.688309;116.585068;39.672798;116.603767;39.659679;116.648689;39.656479;116.672096;39.630749;116.690453;39.626968;116.696190;39.626961;116.696190;4;65;
39.857262;116.438789;39.831280;116.440979;39.821499;116.449547;39.802921;116.471046;39.797539;116.478958;39.797520;116.478973;39.797409;116.478996;39.797272;116.481049;39.796791;116.481956;39.794930;116.484383;39.793911;116.491180;39.791630;116.508087;39.785652;116.518372;39.773609;116.527077;39.715752;116.569633;39.699459;116.584679;39.663921;116.613373;39.656139;116.631447;39.655022;116.659279;39.645882;116.683838;39.630920;116.694069;39.626968;116.696159;39.626938;116.696213;39.626991;116.696136;4;214;
39.852821;116.436234;39.852798;116.436096;39.857269;116.427383;39.857201;116.430809;39.857208;116.430878;39.852970;116.432640;39.852871;116.432579;39.850651;116.432671;39.850288;116.432693;39.849838;116.432709;39.830490;116.441940;39.830490;116.442009;39.830498;116.442047;39.831039;116.447060;39.831669;116.448021;39.833061;116.440880;39.847298;116.439819;39.848770;116.440910;39.848560;116.441483;39.848591;116.441460;39.848679;116.441017;39.848721;116.441002;39.857571;116.437019;39.855690;116.403679;39.855640;116.366783;39.847641;116.330948;39.866230;116.306480;39.883190;116.304657;39.900921;116.304268;39.922089;116.304939;39.920731;116.311607;39.920700;116.311638;39.920521;116.312202;39.922241;116.312782;39.926861;116.327477;4;196;
39.849880;116.437080;39.849770;116.437050;39.853100;116.437721;39.852768;116.438637;39.856812;116.445587;39.853710;116.456657;39.853619;116.456673;39.853569;116.456718;4;123;
39.857239;116.428688;39.857239;116.428818;39.857361;116.432114;39.857349;116.433578;39.856789;116.438812;39.856819;116.438873;39.856819;116.438828;39.856831;116.438828;39.821671;116.449272;39.807789;116.465721;39.799789;116.479172;39.793510;116.493507;39.788452;116.506462;39.782990;116.520531;4;148;
39.862961;116.437157;39.870571;116.388611;39.870831;116.358139;39.878761;116.356796;39.878761;116.356857;39.878750;116.357567;39.876919;116.361313;39.877060;116.367409;39.879372;116.387283;39.880928;116.386917;39.884930;116.388031;39.884979;116.384827;39.884991;116.384758;39.884850;116.382851;39.859039;116.393349;39.855530;116.395203;39.855610;116.413933;39.851971;116.430298;4;222;
39.864418;116.435959;39.864441;116.436928;39.864441;116.437141;39.864441;116.437241;39.857681;116.433731;39.845589;116.440109;39.831959;116.440819;39.811638;116.445763;39.811630;116.445793;39.811630;116.445778;39.810730;116.449440;39.821350;116.447678;39.849529;116.439484;39.858528;116.444679;39.859821;116.439034;39.864510;116.436157;39.864632;116.435150;39.864620;116.435081;39.864609;116.434990;39.869511;116.436920;39.890579;116.438248;39.898720;116.431168;39.899509;116.430290;39.900471;116.430099;39.921608;116.442261;4;157;
39.861031;116.446533;39.864590;116.436172;39.896591;116.471916;39.899330;116.479073;39.901749;116.471718;39.906681;116.471947;39.905941;116.486801;39.913910;116.485222;39.914391;116.496292;39.914368;116.496277;39.914341;116.496307;39.914452;116.497833;39.914459;116.498192;39.914650;116.502953;39.915001;116.507950;39.914932;116.535622;39.914650;116.550003;39.913700;116.569519;4;14;
39.842739;116.440849;39.843422;116.440712;39.843601;116.440681;39.843689;116.440659;39.852242;116.439209;39.859810;116.446709;39.867790;116.433083;39.871090;116.419258;39.878979;116.414917;39.879890;116.414970;39.879910;116.414978;39.879921;116.414978;39.880760;116.414848;39.880901;116.414848;39.882210;116.414719;39.882580;116.415787;39.882492;116.418571;39.882679;116.424377;39.882698;116.424370;39.882652;116.424423;39.882690;116.425011;39.882851;116.426239;39.880260;116.427917;39.875168;116.432716;39.866432;116.432861;39.865349;116.432739;39.864590;116.432701;39.857780;116.436798;39.857780;116.436523;39.884830;116.438919;4;163;
39.867569;116.442101;39.862648;116.424370;39.862640;116.424370;39.862648;116.424362;39.864502;116.427200;39.864460;116.432327;39.868290;116.439346;39.862480;116.447906;39.860950;116.446404;39.861008;116.446419;39.860970;116.446381;39.861778;116.440811;39.861862;116.440781;39.860748;116.441338;39.859749;116.440781;39.907158;116.466881;39.917221;116.483742;39.945869;116.483788;4;60;
39.835819;116.440987;39.836250;116.440971;39.841049;116.440903;39.847061;116.439980;39.852058;116.439293;39.852749;116.439217;39.863159;116.450706;39.862640;116.448082;39.860981;116.446442;39.861031;116.446480;39.861008;116.446510;39.926281;116.427849;39.947811;116.414337;39.949940;116.402267;39.950329;116.402153;39.950378;116.402153;39.955200;116.401901;39.957821;116.412552;4;138;
39.831108;116.435692;39.837040;116.424652;39.843590;116.422119;39.844879;116.422157;39.844872;116.422157;39.844749;116.422127;39.844452;116.419838;39.844341;116.418953;39.844601;116.417740;39.844440;116.410767;39.844570;116.408546;39.853981;116.408028;39.855232;116.408180;39.865719;116.392899;39.863632;116.407410;39.863808;116.407532;39.863930;116.407562;4;78;
39.829201;116.441757;39.846512;116.440033;39.855629;116.399040;39.862640;116.371811;39.862640;116.371819;39.862640;116.371841;39.863472;116.371239;39.863209;116.368156;39.863228;116.368111;39.860138;116.366531;39.849659;116.365143;39.849129;116.373650;39.849140;116.373810;39.849140;116.373878;39.850212;116.380836;39.855469;116.385162;39.860790;116.404251;39.860802;116.404404;39.860779;116.403717;39.860802;116.403549;39.863750;116.407082;39.863651;116.407410;39.864201;116.417572;39.864250;116.421143;39.864250;116.421310;39.864250;116.421638;39.857292;116.425873;39.848850;116.431061;39.848740;116.432571;4;35;
39.853210;116.457108;39.853619;116.456581;39.853649;116.456543;39.853611;116.456612;39.853592;116.456619;39.853722;116.456543;39.853741;116.456551;39.853722;116.456512;39.868652;116.453934;39.862080;116.447441;39.861031;116.446533;5;15;
39.853069;116.457138;39.857140;116.444366;39.864040;116.451859;39.860771;116.446503;39.860771;116.446510;39.860821;116.446510;39.864849;116.436180;39.864899;116.436272;5;158;
39.853569;116.456718;39.861610;116.446892;39.861069;116.446533;39.861080;116.446571;39.866241;116.434486;39.866371;116.433594;39.866562;116.430870;39.870338;116.415108;39.874210;116.345970;39.874199;116.345970;39.874241;116.346062;39.874199;116.345512;39.873409;116.344452;39.870972;116.344704;39.868481;116.366524;39.863411;116.369812;39.863880;116.368088;39.862331;116.371941;39.862320;116.371941;39.862591;116.371773;39.863300;116.369293;39.863079;116.369232;5;122;
39.975601;116.390411;39.975349;116.366333;39.975349;116.365311;39.975300;116.364868;39.975288;116.371880;39.975651;116.385590;39.978340;116.384300;39.978348;116.384308;39.978508;116.384506;39.975632;116.383362;39.975632;116.383270;39.975430;116.384041;39.974461;116.395599;39.971889;116.401031;39.971111;116.401070;39.970951;116.401077;39.967239;116.389183;39.966949;116.376907;39.966698;116.366699;39.966560;116.355080;39.931160;116.349541;39.925438;116.345810;39.925400;116.346001;39.925461;116.346611;39.927452;116.346992;39.906151;116.389809;39.904312;116.420418;39.903759;116.419891;39.903759;116.419769;39.903751;116.419632;39.899971;116.413193;39.894421;116.368599;39.894390;116.368599;39.896580;116.370064;39.896301;116.373306;39.893501;116.370338;39.896000;116.317497;39.902409;116.315399;39.902409;116.315407;39.899220;116.315102;39.899059;116.316139;39.895432;116.343498;39.890511;116.357323;39.888020;116.349312;39.874588;116.343079;6;17;
39.968140;116.385101;39.967888;116.381851;39.974510;116.381752;39.974892;116.381897;39.967739;116.388206;39.966801;116.395767;39.960960;116.397888;39.960922;116.397980;39.960869;116.398064;39.960621;116.401222;39.957718;116.412163;39.956680;116.425858;39.952919;116.423378;39.952919;116.423370;39.952988;116.425789;39.951969;116.426102;39.958038;116.425751;39.958221;116.428787;39.958221;116.428802;39.960339;116.439568;39.956711;116.444992;39.956718;116.444939;39.956802;116.444809;39.957199;116.444908;6;172;
39.972401;116.395950;39.972649;116.395821;39.973938;116.397209;39.973949;116.398819;39.973892;116.398941;39.973969;116.398888;39.960781;116.401482;39.949188;116.401848;39.939381;116.402252;39.936199;116.402328;39.936131;116.402344;39.933800;116.402679;39.933231;116.402390;39.932129;116.399834;39.932011;116.384521;39.931049;116.361900;39.930599;116.349373;39.930458;116.349152;39.922150;116.345818;39.922039;116.333588;39.922321;116.315590;39.922798;116.286560;39.917389;116.277260;39.915489;116.277313;39.911751;116.282066;39.911972;116.296951;39.902481;116.329887;39.901779;116.336578;6;160;
39.962578;116.392487;39.961941;116.393448;39.961941;116.393494;39.961971;116.393501;39.962029;116.393562;39.961952;116.393494;39.961971;116.393509;39.946880;116.401779;39.945389;116.401932;39.945412;116.401939;39.944279;116.401970;39.937969;116.402283;39.932281;116.422981;39.932270;116.424942;39.932182;116.426712;39.932301;116.441612;39.932331;116.446358;39.931850;116.449181;39.925560;116.449898;39.925568;116.449257;6;220;
39.967030;116.400833;39.967461;116.406998;39.966881;116.432228;39.960281;116.442223;39.946011;116.455521;39.912308;116.451698;39.912979;116.451393;39.912979;116.451378;39.915962;116.451569;39.918400;116.451477;39.932892;116.444389;39.933060;116.444382;39.935181;116.444290;39.937069;116.444237;39.938129;116.444267;39.939449;116.444252;39.943630;116.444237;39.943871;116.444252;39.950329;116.463417;39.954609;116.493568;39.952740;116.494148;39.952679;116.493584;6;69;
39.915211;116.447250;39.918549;116.453812;39.922421;116.455856;39.928482;116.455269;39.925461;116.454483;39.925468;116.454613;39.925491;116.454773;39.925480;116.455147;39.923218;116.455116;39.920811;116.455193;39.914211;116.455322;39.910912;116.463364;39.910969;116.463402;39.910969;116.463417;39.908691;116.465599;39.908749;116.465759;39.908611;116.465637;39.912579;116.470787;39.914131;116.477097;39.914719;116.504150;39.915459;116.513329;39.913311;116.520218;39.916000;116.518646;39.922100;116.514908;39.922070;116.511909;39.930069;116.508812;39.930061;116.509140;7;26;
39.915489;116.449348;39.917980;116.447731;39.919380;116.447929;39.919449;116.447960;39.919548;116.448051;39.918991;116.450493;39.918819;116.450760;39.927071;116.457619;39.880341;116.449928;39.876869;116.444748;39.876881;116.444778;39.876919;116.444801;39.876358;116.444748;39.876068;116.444717;39.876179;116.444847;39.876110;116.444656;39.876122;116.444649;39.870899;116.449898;39.865479;116.453217;39.857281;116.437630;39.857300;116.438889;39.857262;116.438789;7;215;
39.918289;116.451851;39.826569;116.487778;39.802700;116.501892;39.802788;116.501793;39.802799;116.501778;39.802742;116.501839;39.802670;116.501907;39.802689;116.501900;39.802719;116.501869;39.801701;116.503433;39.801701;116.503464;39.802021;116.503197;7;76;
39.921440;116.439949;39.923691;116.439934;39.925781;116.438507;39.935841;116.435638;39.935921;116.436180;39.935040;116.436440;39.932899;116.437508;39.932869;116.437508;39.925961;116.437378;39.925522;116.435623;39.923519;116.428261;39.912392;116.428619;39.906689;116.429459;39.895599;116.437790;39.870579;116.437714;39.867081;116.415268;39.864449;116.415527;39.865051;116.415871;39.865059;116.415878;39.865101;116.415901;39.866699;116.415398;39.866798;116.415390;39.866909;116.415382;39.867020;116.415382;39.874439;116.415001;39.891701;116.407692;39.898750;116.405487;39.903549;116.405457;39.904480;116.408821;39.904411;116.407913;39.904530;116.405296;39.904541;116.405289;7;203;
39.921421;116.444023;39.912140;116.454849;39.912201;116.458900;39.916920;116.455833;39.916931;116.455818;39.916870;116.455750;39.918732;116.455742;7;156;
39.916290;116.444221;39.915558;116.447327;39.908329;116.443970;39.907261;116.443733;39.907261;116.443657;39.907150;116.434662;39.895851;116.419128;39.888260;116.381577;39.887981;116.371590;39.887962;116.362381;39.887981;116.360420;39.888149;116.350357;39.886848;116.333969;39.886848;116.333939;39.884640;116.333580;39.884239;116.333549;39.884171;116.333549;39.883289;116.323227;39.883221;116.319923;39.883232;116.319870;39.883240;116.318031;39.883209;116.317810;39.883221;116.319817;39.883289;116.322922;39.883209;116.320869;39.883160;116.322281;39.883240;116.323792;39.883251;116.324043;39.887791;116.320389;39.893059;116.323097;39.896179;116.315201;39.896172;116.315224;39.896160;116.315224;39.896160;116.315231;7;96;
39.921749;116.455040;39.913261;116.455078;39.913338;116.455048;39.913319;116.452728;39.896030;116.449760;39.895500;116.449760;39.880432;116.441551;39.880508;116.441566;39.862152;116.425552;39.862549;116.425629;39.864220;116.427834;39.865559;116.427162;39.867409;116.432297;39.896099;116.421371;39.902241;116.416878;39.903351;116.418709;39.903351;116.418701;39.899761;116.429482;39.899742;116.428680;39.906410;116.441353;39.906441;116.441399;39.906570;116.441093;7;177;
39.926239;116.449051;39.926380;116.449051;39.929451;116.449211;39.934242;116.449203;39.948170;116.456558;39.954498;116.476097;39.956169;116.480560;39.956829;116.481720;39.961239;116.488617;39.967709;116.483704;39.970161;116.482910;39.970089;116.482918;39.970051;116.482918;39.969799;116.479881;39.969860;116.475479;39.970249;116.474159;39.970230;116.474213;39.970249;116.474243;39.967110;116.469131;39.956970;116.461670;39.947170;116.461777;39.946739;116.462158;39.946709;116.462219;39.936882;116.471352;7;219;
39.926628;116.444199;39.926620;116.444191;39.926609;116.444199;39.932419;116.437828;39.937439;116.430069;39.937389;116.430038;39.937359;116.430069;39.937241;116.430130;39.935478;116.432991;39.934761;116.433632;39.934620;116.433662;39.934410;116.427994;39.949409;116.419090;39.955971;116.416672;39.955971;116.416656;39.956268;116.417122;39.954651;116.418831;7;189;
39.922470;116.434181;39.828491;116.485573;39.807541;116.509857;39.782692;116.517616;39.782589;116.517250;39.782589;116.517242;39.784710;116.516953;39.785580;116.512962;39.786812;116.512138;39.796509;116.504250;39.799641;116.485573;39.799850;116.479759;39.799839;116.479759;39.800220;116.473999;39.826668;116.443367;39.829918;116.441559;39.835430;116.441032;39.835491;116.441017;7;139;
39.923901;116.434158;39.923939;116.434387;39.923771;116.433960;39.923859;116.434143;39.922840;116.431778;39.921478;116.431732;39.921349;116.431740;39.914631;116.434776;39.911510;116.420708;39.914040;116.420540;39.914341;116.416512;39.914280;116.411880;39.909710;116.411568;39.896099;116.411987;39.897522;116.412300;39.897430;116.412308;39.897259;116.412331;39.895901;116.412369;39.894142;116.420349;39.894218;116.418953;39.894241;116.418922;39.892960;116.421288;39.882809;116.427170;39.858482;116.432426;39.856869;116.438850;39.807289;116.466110;39.795189;116.483276;39.791672;116.503830;39.783119;116.520500;39.771969;116.528648;39.759930;116.539841;39.752010;116.551781;39.729420;116.564308;39.701622;116.574547;39.684891;116.584999;39.684940;116.585030;39.684898;116.585052;7;88;
39.921570;116.435013;39.911980;116.437119;39.905491;116.439842;39.905502;116.439842;39.903629;116.441727;39.902740;116.442078;39.906921;116.441628;39.906940;116.441711;39.906971;116.443283;39.897751;116.452362;39.897739;116.452347;39.893501;116.449623;39.892349;116.449638;39.887939;116.449600;39.883148;116.450050;39.880348;116.444801;39.880459;116.441582;39.880421;116.441582;7;58;
39.928459;116.461853;39.928329;116.461739;39.928421;116.462463;39.928459;116.462624;39.928741;116.463623;39.929710;116.471367;39.926971;116.477722;39.921619;116.481071;39.918690;116.483414;39.914322;116.480583;39.914410;116.473663;39.915840;116.462059;39.920319;116.446823;39.925789;116.437691;39.926819;116.437759;39.926830;116.437759;39.926819;116.437782;39.926701;116.437767;39.926220;116.437531;39.925560;116.437759;39.925430;116.439751;39.922180;116.439949;39.917389;116.450211;39.917801;116.450409;7;216;
39.920811;116.463371;39.920551;116.463470;39.920502;116.463470;39.920399;116.463470;39.915821;116.463463;39.915909;116.463509;39.915680;116.463448;39.911900;116.469849;39.910370;116.469002;39.910362;116.468880;39.910362;116.468521;39.908508;116.467178;39.907169;116.455811;39.906128;116.454941;39.906601;116.452942;39.903801;116.451958;39.903732;116.451981;7;142;
39.928108;116.455467;39.928162;116.455467;39.947929;116.453438;39.947830;116.453300;39.947128;116.449928;39.947010;116.449333;39.946602;116.449173;39.946548;116.449081;39.939919;116.444641;39.939880;116.434410;39.939781;116.426964;39.931591;116.427711;39.926239;116.422813;39.926189;116.420799;39.926178;116.420799;39.926189;116.420799;39.927540;116.419937;39.928162;116.419693;39.928329;116.419678;39.928421;116.419678;39.930542;116.419579;39.939598;116.411377;39.939610;116.411263;39.939621;116.411079;39.940849;116.410568;7;155;
39.931961;116.455849;39.932350;116.463631;39.929020;116.466751;39.928970;116.466690;39.922169;116.466698;39.921680;116.468552;39.921661;116.468872;39.921661;116.469032;39.934311;116.465820;39.934399;116.464996;39.934391;116.464981;39.934380;116.464928;39.934319;116.465660;39.934311;116.465767;39.933678;116.466248;39.934952;116.467751;39.935532;116.468330;39.933201;116.466217;39.932121;116.466499;39.929878;116.466583;39.922161;116.466721;39.921989;116.464546;39.921989;116.464470;39.921989;116.464348;39.924881;116.455688;39.931499;116.455688;39.926651;116.449013;39.926651;116.449020;39.922432;116.436943;39.922501;116.436684;39.922562;116.436409;39.922722;116.435532;39.927349;116.428329;39.939709;116.424103;39.939720;116.424088;39.939659;116.422867;39.939659;116.422829;39.939651;116.422798;39.939579;116.422882;39.939671;116.430656;39.933502;116.455200;39.932358;116.465698;39.932171;116.478539;39.932518;116.468590;39.946400;116.467369;39.946430;116.467346;39.946461;116.467346;39.945610;116.467484;7;132;
39.935501;116.455254;39.935429;116.455254;39.935371;116.455254;39.934608;116.455261;39.933640;116.455276;39.933098;116.455254;39.914932;116.455269;39.911709;116.455307;39.903122;116.454941;39.895592;116.454750;39.857269;116.426430;39.855682;116.397636;39.855900;116.373596;39.863258;116.369553;7;170;
39.870392;116.409462;39.868950;116.432632;39.867069;116.443542;39.861179;116.446648;39.860630;116.446602;39.860580;116.446571;39.860428;116.446518;39.860401;116.446579;39.861000;116.437576;39.873249;116.438606;39.880409;116.441673;39.891838;116.449608;39.895309;116.455620;39.895290;116.454483;39.902470;116.455513;39.905342;116.451889;39.906921;116.438080;39.906921;116.438179;39.906738;116.442909;39.892372;116.432114;39.886490;116.412842;8;30;
39.865559;116.415642;39.868790;116.424088;39.867378;116.432968;39.880402;116.428047;39.886551;116.424873;39.891502;116.422012;39.891651;116.409309;39.893620;116.394814;39.905479;116.393066;39.905781;116.368980;39.905869;116.353790;39.910671;116.350578;39.930008;116.358223;39.931271;116.366501;39.931271;116.366913;39.931282;116.368332;39.931919;116.382652;39.931992;116.391068;39.932140;116.411560;39.932339;116.425163;39.932289;116.426758;39.961311;116.434914;39.950302;116.455452;39.950378;116.455040;39.944111;116.355423;39.927601;116.319611;8;136;
39.863930;116.407562;39.929661;116.432808;39.925308;116.444099;39.917900;116.451653;39.918510;116.451767;39.918289;116.451851;8;77;
39.898232;116.431282;39.893169;116.436729;39.891838;116.449059;39.881088;116.454964;39.858719;116.451653;39.815659;116.503288;39.799492;116.517883;39.784660;116.524193;39.776031;116.513199;39.776619;116.517952;39.777260;116.513046;39.798981;116.502159;39.796402;116.472542;39.811958;116.462082;39.822510;116.448738;39.830601;116.441673;39.831291;116.443710;39.844669;116.440323;39.862450;116.438889;39.864342;116.438858;39.864342;116.438873;39.868248;116.438980;39.870110;116.454453;9;32;
39.863998;116.364868;39.864231;116.365219;39.865971;116.366737;39.868011;116.368217;39.870029;116.388260;39.869659;116.411369;39.887211;116.412971;39.890221;116.413094;39.891998;116.419579;39.892029;116.420593;39.891960;116.421249;39.895851;116.420372;39.897949;116.420792;39.902630;116.417389;39.903400;116.418953;39.903358;116.418922;39.903542;116.419022;39.903561;116.419403;39.903561;116.419632;39.903488;116.420250;39.903561;116.429153;39.900730;116.429863;39.898552;116.430229;39.898251;116.431183;10;33;
39.863079;116.369232;39.855770;116.377708;39.855652;116.401787;39.855690;116.404427;39.855640;116.414268;39.855652;116.416031;39.856731;116.420547;39.856739;116.420776;39.857189;116.425613;39.857540;116.435318;39.869431;116.455070;39.873379;116.455322;39.873398;116.455353;39.874931;116.458748;39.874931;116.458641;39.874931;116.458527;39.874920;116.458183;39.875401;116.455299;39.877808;116.455208;39.897480;116.455360;39.906860;116.470573;39.912460;116.471970;39.914040;116.475060;39.914032;116.475060;39.914059;116.477661;39.914040;116.478020;39.914150;116.478218;39.914150;116.478302;39.914162;116.478348;39.914162;116.478416;39.914341;116.475830;39.914379;116.474091;39.914368;116.473221;39.909809;116.467163;10;121;
39.863258;116.369553;39.893890;116.317032;39.896179;116.308189;39.876671;116.305206;39.838291;116.339600;39.829609;116.321213;39.792519;116.299408;39.789951;116.296707;10;169;
39.863239;116.369278;39.882942;116.368332;39.883190;116.368332;39.885799;116.368301;39.887341;116.367958;39.896931;116.368088;39.913002;116.367500;39.921749;116.367249;39.928848;116.366890;39.933010;116.366676;39.937809;116.366570;39.943760;116.366112;39.967728;116.406120;39.968658;116.404953;39.967709;116.403816;39.967869;116.402451;39.967869;116.402397;39.967789;116.417542;39.958908;116.444000;39.966461;116.458443;39.983330;116.465340;39.991379;116.456757;39.999748;116.457451;39.991409;116.463760;39.991329;116.463707;39.991310;116.463707;39.988472;116.460892;39.988510;116.457260;39.988640;116.457092;39.983749;116.450813;39.982811;116.450699;39.982689;116.450668;39.982609;116.450638;39.993378;116.441521;39.994251;116.443291;39.995079;116.446861;39.995289;116.446892;39.995571;116.450768;39.993481;116.456573;10;44;
39.952812;116.414726;39.963692;116.410408;39.963631;116.410454;39.963551;116.410538;39.963509;116.410591;39.963608;116.411209;39.959919;116.412018;39.957062;116.412170;39.948532;116.409981;39.944359;116.419289;39.939701;116.418518;39.939701;116.418289;39.939651;116.416718;39.939640;116.422028;39.931862;116.427879;39.932678;116.428398;11;40;
39.946941;116.410316;39.947971;116.416481;39.947941;116.418678;39.942089;116.427429;39.923981;116.428093;39.918068;116.428337;39.912350;116.428658;39.903328;116.461304;39.899830;116.471626;39.899311;116.478439;39.899220;116.478348;39.899269;116.479897;39.897751;116.480118;39.898132;116.480049;39.898159;116.480080;39.899292;116.476807;39.899292;116.476822;39.899292;116.476784;39.903400;116.471710;39.905991;116.471832;39.909660;116.472862;39.909691;116.472878;39.909580;116.473618;39.909531;116.473648;39.913021;116.471931;39.921371;116.483971;39.922241;116.514519;39.922329;116.534439;39.922829;116.564072;39.915249;116.586243;39.915352;116.586731;39.915352;116.586700;39.915352;116.586601;39.915329;116.586609;39.915321;116.586617;11;154;
39.946590;116.419434;39.946209;116.419739;39.939480;116.427719;39.934399;116.437576;39.925621;116.436707;39.921871;116.439453;39.918369;116.452980;39.888420;116.454819;39.880829;116.449959;39.874981;116.444290;39.866890;116.444382;39.857590;116.453110;39.771889;116.547897;11;129;
39.952850;116.422279;39.939552;116.432831;39.935040;116.435143;39.935040;116.435204;39.935051;116.435371;39.921970;116.444099;39.915070;116.444420;39.915989;116.444412;39.916199;116.444397;39.914452;116.444344;39.892448;116.449562;39.883392;116.449982;39.880360;116.441566;39.866531;116.445343;39.864021;116.451202;39.863968;116.451141;39.861908;116.447258;39.857819;116.441162;39.861370;116.438988;39.864529;116.438011;39.864529;116.433418;39.864529;116.433296;39.864559;116.432671;39.864288;116.417282;39.864708;116.415649;39.864792;116.415649;11;137;
39.959259;116.414589;39.954338;116.409187;39.951782;116.409721;39.947952;116.416359;39.956020;116.419006;39.958031;116.425552;39.958038;116.425598;39.958069;116.425728;39.958111;116.426613;39.958141;116.427460;39.958141;116.427711;39.958221;116.433327;39.958290;116.435219;39.958321;116.436569;39.963470;116.442619;39.965839;116.441994;39.965858;116.441978;39.965881;116.441971;39.965408;116.442558;39.963440;116.442551;39.961708;116.440971;39.957729;116.445930;39.969582;116.464439;39.975681;116.476891;11;98;
39.952660;116.418182;39.952660;116.418381;39.952641;116.418327;39.952679;116.418831;39.952690;116.418839;39.948372;116.418488;39.945992;116.387527;39.944149;116.387604;39.942818;116.387703;39.941948;116.387718;39.940529;116.387772;39.940041;116.387817;39.938400;116.389664;39.938389;116.389648;39.938381;116.389648;39.938351;116.389664;39.936981;116.389748;39.936272;116.389748;39.936230;116.389748;39.935501;116.389801;39.934059;116.389870;39.928169;116.390160;39.923309;116.393219;39.916271;116.396561;39.913929;116.399803;39.913929;116.399811;39.913940;116.399834;39.913948;116.399872;39.913788;116.400284;39.913639;116.400352;39.912468;116.400421;39.912338;116.400421;39.911861;116.400513;39.913601;116.402657;11;188;
39.943199;116.425789;39.940159;116.427063;39.939999;116.427040;39.939522;116.430588;39.936951;116.432930;39.932980;116.437576;39.923431;116.434341;39.922310;116.433609;39.921299;116.434052;39.921360;116.433807;39.922409;116.434502;39.922459;116.434479;39.922592;116.434380;39.934910;116.427780;39.947971;116.412216;39.947540;116.376068;39.966419;116.333267;39.966389;116.325684;39.966389;116.325691;39.966232;116.321701;39.966072;116.318703;39.965900;116.316353;39.965969;116.323578;39.966679;116.376991;39.959732;116.401588;39.957191;116.412079;39.948952;116.418983;11;130;
39.659771;116.618233;39.749561;116.551239;39.752060;116.551872;39.751778;116.551857;39.754578;116.539917;39.771290;116.529449;39.781719;116.517990;39.799980;116.501404;39.802170;116.489960;39.801872;116.489578;39.795071;116.483902;39.796631;116.479118;39.796551;116.479149;39.799999;116.481529;39.800060;116.481590;39.792961;116.473557;39.792572;116.472359;39.800179;116.481880;39.805992;116.496857;39.806160;116.501907;12;48;
39.654240;116.622719;39.625961;116.696060;39.626251;116.696167;39.626961;116.696198;39.626938;116.696213;39.626968;116.696213;39.626961;116.696198;39.626980;116.696243;39.626881;116.696198;12;127;
39.653030;116.615417;39.655010;116.575638;39.688591;116.574982;39.723820;116.566162;39.744450;116.561852;39.754810;116.542091;39.762539;116.531372;39.792618;116.478622;39.797668;116.471809;39.799072;116.472923;39.799072;116.473068;39.799061;116.473160;39.792820;116.478302;39.777069;116.496689;39.772728;116.515266;39.772720;116.515266;39.772739;116.515266;39.772751;116.515244;39.772758;116.515244;39.772739;116.515221;12;102;
39.894882;116.388252;39.894379;116.388382;39.890289;116.394302;39.897621;116.393921;39.897610;116.393921;39.897758;116.393730;39.905312;116.393021;39.905968;116.380089;39.905869;116.363228;39.906269;116.311348;39.922569;116.304131;39.951000;116.303528;39.973709;116.296677;39.973778;116.296890;39.973770;116.296867;39.973770;116.296883;39.974281;116.298752;39.974239;116.299438;13;53;
39.897739;116.389282;39.897549;116.389221;39.897541;116.389221;39.889580;116.388878;39.889160;116.388878;39.897381;116.378151;39.902542;116.377876;39.905022;116.376617;39.911301;116.375641;39.931732;116.390198;39.936432;116.389870;39.937809;116.389832;39.939289;116.387878;39.939621;116.386383;39.939610;116.386337;39.934868;116.389908;39.934929;116.389900;39.927971;116.390228;39.921158;116.384689;39.921169;116.375610;39.906361;116.376518;39.900078;116.377876;39.894981;116.368561;39.895130;116.368553;39.896610;116.369339;39.896759;116.370377;39.896782;116.370468;13;224;
39.894360;116.388359;39.893059;116.388359;39.892811;116.388344;39.892719;116.388329;39.892090;116.388283;39.888229;116.379501;39.887989;116.365761;39.887962;116.359253;39.890221;116.343758;39.904270;116.329369;39.905689;116.331680;39.905670;116.331680;39.905621;116.331680;39.905022;116.332001;39.903198;116.332031;39.901981;116.331841;39.906288;116.291222;39.916389;116.277031;39.916401;116.277031;39.916382;116.276489;39.916401;116.271492;39.915909;116.277328;39.911789;116.277344;13;200;
39.883148;116.450539;39.883659;116.455292;39.895752;116.455589;39.895660;116.455399;39.895729;116.455353;39.895290;116.455727;14;57;
39.878738;116.444702;39.883099;116.449623;39.884869;116.455383;39.892731;116.455368;39.939701;116.455559;39.955410;116.457863;39.958389;116.460373;39.956070;116.461670;39.951580;116.462059;39.940090;116.468369;39.930832;116.466560;39.928978;116.466820;39.922508;116.466888;39.931358;116.460854;39.929790;116.460907;39.929699;116.460907;14;143;
39.855579;116.388832;39.855621;116.412918;39.901310;116.412117;39.910698;116.411781;39.910919;116.411697;39.914139;116.411842;39.914078;116.425171;39.914070;116.425148;39.914261;116.427483;39.914261;116.427498;39.897240;116.436493;39.892361;116.427818;39.892521;116.425560;39.892532;116.425468;39.892590;116.425171;39.892559;116.425079;39.892578;116.424980;39.892578;116.425034;39.892609;116.424850;39.896790;116.429092;39.898441;116.431793;15;73;
39.854568;116.394814;39.855301;116.395447;39.855408;116.399559;39.856800;116.420631;39.858730;116.444839;39.864250;116.452141;39.860851;116.446419;39.860832;116.446533;39.860859;116.446457;39.880310;116.441528;39.879910;116.444702;39.879990;116.444702;39.900459;116.430229;39.907188;116.423630;15;206;
39.847740;116.394348;39.863251;116.407562;39.865379;116.407471;39.865391;116.407463;39.865402;116.407463;39.865410;116.407463;39.868279;116.407303;39.868828;116.407257;39.869568;116.423988;39.869568;116.424110;39.869549;116.424347;39.868622;116.438339;39.864899;116.454002;39.864861;116.454041;39.864838;116.454102;39.866550;116.454643;39.869331;116.461639;39.881191;116.455009;39.931190;116.455833;15;133;
39.740860;116.331558;39.739868;116.338722;39.720688;116.340248;39.720440;116.371552;39.719299;116.405312;39.721428;116.459732;39.704460;116.476128;39.671009;116.507248;39.654110;116.581581;39.654030;116.620399;39.654049;116.620811;39.654770;116.624046;39.654819;116.624046;39.657940;116.657356;39.638229;116.685562;39.638260;116.685547;39.627399;116.696991;39.627312;116.696198;16;82;
39.741020;116.333130;39.742958;116.333450;39.743069;116.333542;39.743019;116.333527;39.743042;116.333519;16;185;
39.743042;116.333519;39.741150;116.337044;39.741272;116.337334;39.741249;116.337440;39.720100;116.401390;39.723038;116.432457;39.719101;116.462898;39.695499;116.484177;39.672409;116.503578;39.666412;116.545288;39.655041;116.575661;39.652451;116.611397;39.661160;116.655289;39.635410;116.688179;39.627151;116.697227;16;184;
39.742661;116.334160;39.846962;116.408203;39.736301;116.337624;39.740170;116.331970;39.740829;116.331528;39.740898;116.331558;39.740879;116.331497;39.740860;116.331558;16;83;
39.740471;116.332802;39.730289;116.339668;39.720551;116.354271;39.719349;116.396278;39.722179;116.437714;39.713261;116.468819;39.672359;116.522720;39.659622;116.564049;39.651550;116.599678;39.646950;116.635300;39.656879;116.669930;39.632080;116.689987;39.627190;116.696007;39.627239;116.696190;39.627270;116.696159;39.627251;116.696228;16;107;
39.740440;116.331619;39.624931;116.694427;39.627281;116.696198;16;105;
39.738861;116.332603;39.742771;116.334190;39.742661;116.334160;16;84;
39.638130;116.687019;39.626831;116.696159;39.626991;116.696220;39.627010;116.696190;39.626999;116.696220;39.626968;116.696274;39.626968;116.696251;39.627010;116.696213;39.626808;116.697220;39.615360;116.689346;39.611370;116.686127;39.644638;116.684563;39.656242;116.658546;17;103;
39.636631;116.692429;39.633461;116.693497;39.631729;116.694107;39.630722;116.694489;39.628880;116.695313;39.628471;116.695518;39.627289;116.696220;17;114;
39.643230;116.685097;39.655430;116.662369;39.643822;116.623734;39.665680;116.547653;39.694271;116.485367;39.720062;116.461693;39.721382;116.427628;39.720551;116.344643;39.740520;116.332779;39.740479;116.332787;39.740471;116.332802;17;108;
39.943291;116.468040;39.936630;116.468559;39.935631;116.468513;39.932430;116.456108;39.926949;116.449577;39.925659;116.444366;39.925659;116.444351;39.932049;116.444138;39.932369;116.436577;39.943340;116.427681;39.946388;116.427948;39.948380;116.426353;39.939770;116.426201;39.939758;116.426300;39.939758;116.426086;18;131;
39.936882;116.471352;39.936729;116.469139;39.936531;116.468582;39.936348;116.468552;39.932690;116.466377;39.932671;116.457451;39.932671;116.457367;39.967690;116.430878;39.967991;116.401558;39.980251;116.401199;39.987282;116.396896;39.988289;116.398308;39.988281;116.398331;39.988281;116.398338;39.988831;116.398216;39.988789;116.398163;39.988861;116.398232;39.986969;116.410568;39.983349;116.410919;39.983189;116.410919;39.983120;116.410919;18;218;
39.939709;116.466347;39.938969;116.466568;39.938988;116.466537;39.938980;116.466621;39.941322;116.462959;39.944351;116.455902;39.946560;116.449158;39.946518;116.449097;39.944939;116.449211;39.944851;116.449211;39.939960;116.445381;39.939842;116.433701;39.946251;116.428253;39.947651;116.392929;39.937160;116.324760;39.909271;116.288689;39.908169;116.289207;39.908371;116.289040;39.907249;116.288841;39.906578;116.289063;39.909218;116.289513;39.917000;116.289658;39.936359;116.290947;39.955788;116.277542;39.958328;116.295410;18;151;
39.935631;116.389816;39.933090;116.389961;39.932961;116.389961;39.932518;116.389999;39.932041;116.399338;39.932259;116.416679;39.932011;116.427269;39.932320;116.447929;39.932369;116.454788;39.931282;116.460823;39.930580;116.460823;39.930542;116.460823;39.927582;116.460823;39.921970;116.456451;39.920940;116.455132;39.915909;116.455276;39.912579;116.455132;39.910221;116.455498;39.907082;116.447807;39.908520;116.429359;39.869232;116.433327;39.870689;116.399612;39.868389;116.361740;39.860390;116.341660;39.836929;116.339699;39.806850;116.339203;39.741081;116.333130;39.741020;116.333130;19;186;
39.911629;116.288383;39.909798;116.312172;39.909641;116.328598;39.912960;116.337852;39.912498;116.346352;39.908798;116.367722;39.908630;116.367752;39.908638;116.367752;39.894188;116.368103;39.885002;116.378593;39.887932;116.378647;39.887962;116.378677;39.887981;116.379562;39.887989;116.379562;39.888020;116.379547;39.888020;116.379562;39.888008;116.379547;39.887962;116.379501;39.887901;116.379478;39.888588;116.386726;39.891880;116.417641;39.892231;116.440292;39.892181;116.449257;39.892479;116.446762;39.892479;116.446716;39.892471;116.446693;39.892532;116.444260;39.892109;116.447853;39.892139;116.451530;39.897621;116.455559;20;199;
39.880451;116.298561;39.880421;116.298508;39.888531;116.319550;39.888298;116.338531;39.887920;116.356918;39.887871;116.370872;39.888081;116.378326;39.889702;116.378304;39.889641;116.378349;39.889599;116.378380;39.888191;116.378532;39.888092;116.378540;39.888168;116.382217;39.888180;116.382553;39.888908;116.388397;39.889252;116.389709;39.897961;116.393600;39.894371;116.388351;21;201;
